name	last	first	instrument	affiliation
Paul Aguilar	Aguilar	Paul	violin	Callisto Quartet
Rachel Aguilar	Aguilar	Rachel	violin	Callisto Quartet
Angela Bae	Bae	Angela	violin	Balourdet Quartet
Jung-A Bang	Bang	Jung-A	piano	
Andrew Barnwell	Barnwell	Andrew	piano	Trio Gaia
Jonathan Bass	Bass	Jonathan	piano	
Rebecca Benjamin	Benjamin	Rebecca	violin	Abeo Quartet
Andrew Boudreau	Boudreau	Andrew	piano	
Angela Sin Ying Chan	Chan	Angela Sin Ying	violin	AYA Trio
Stefan Chaplikov	Chaplikov	Stefan	piano	
Audrey Chen	Chen	Audrey	cello	
Yandi Chen	Chen	Yandi	piano	
Dennis Chmelensky	Chmelensky	Dennis	voice	Curtis Opera Theatre
Jiyoung Choi	Choi	Jiyoung	cello	
Gabrielle Chou	Chou	Gabrielle	piano	
Brigid Coleridge	Coleridge	Brigid	violin	Merz Trio
Cameron Daly	Daly	Cameron	violin	Callisto Quartet
Samuel DeCaprio	DeCaprio	Samuel	cello	
Justin DeFilippis	DeFilippis	Justin	violin	Balourdet Quartet
Lee Dionne	Dionne	Lee	piano	Merz Trio
Štěpán Doležal	Doležal	Štěpán	cello	Bennewitz Quartet
Amanda Ekery	Ekery	Amanda	voice	
Mikael Eliasen	Eliasen	Mikael	piano	Curtis Opera Theatre
Tim Feil	Feil	Tim	oboe	
Sonya Ovrutsky Fensome	Fensome	Sonya Ovrutsky	piano	
Jakub Fišer	Fišer	Jakub	violin	Bennewitz Quartet
Tanya Gabrielian	Gabrielian	Tanya	piano	
Brian Gadbow	Gadbow	Brian	cello	Abeo Quartet
Avery Gagliano	Gagliano	Avery	piano	
Rosie Gallagher	Gallagher	Rosie	flute	
Brandon Garbot	Garbot	Brandon	violin	
Christopher Goodpasture	Goodpasture	Christopher	piano	
Filippo Gorini	Gorini	Filippo	piano	
Evan Gray	Gray	Evan	voice	
Njioma Grevious	Grevious	Njioma	violin	Abeo Quartet
Jeffrey Ho	Ho	Jeffrey	cello	Trio Conventi
Jillian Honn	Honn	Jillian	oboe	
Ariel Horowitz	Horowitz	Ariel	violin	
Grant Houston	Houston	Grant	violin	Trio Gaia
Russell Houston	Houston	Russell	cello	Balourdet Quartet
Hilda Huang	Huang	Hilda	piano	
Seolyeong Jeong	Jeong	Seolyeong	piano	
Štěpán Ježek	Ježek	Štěpán	violin	Bennewitz Quartet
David Ji	Ji	David	piano	
Yiliang Jiang	Jiang	Yiliang	violin	Trio Conventi
Carter Johnson	Johnson	Carter	piano	
Mayumi Kanagawa	Kanagawa	Mayumi	violin	
James Kang	Kang	James	viola	Abeo Quartet
Becca Kasdan	Kasdan	Becca	violin	
Michael Katz	Katz	Michael	cello	Lysander Trio
Eva Kennedy	Kennedy	Eva	viola	Callisto Quartet
Jungeun Kim	Kim	Jungeun	piano	
Stephen Kim	Kim	Stephen	violin	
Arianna Körting	Körting	Arianna	piano	
Benjamin Krasner	Krasner	Benjamin	piano	
Dongwon Lee	Lee	Dongwon	piano	
Anna Leunis	Leunis	Anna	violin	
Gregory Lewis	Lewis	Gregory	violin	Callisto Quartet
Ying Li	Li	Ying	piano	AYA Trio
Jenny Lin	Lin	Jenny	piano	
Kuok-Wai Lio	Lio	Kuok-Wai	piano	
James Lorusso	Lorusso	James	piano	
Janice Lu	Lu	Janice	piano	Trio Conventi
Jonathan Mak	Mak	Jonathan	piano	
Gabriel Martins	Martins	Gabriel	cello	
Hannah Moses	Moses	Hannah	cello	Callisto Quartet
Spencer Myer	Myer	Spencer	piano	
Pavel Nersessian	Nersessian	Pavel	piano	
Kyle Orth	Orth	Kyle	piano	
Rachel Arcega Orth	Orth	Rachel Arcega	violin	
Evren Ozel	Ozel	Evren	piano	
Chaeyoung Park	Park	Chaeyoung	piano	
Chase Park	Park	Chase	cello	
Grace Park	Park	Grace	violin	
Stephen Perkyns	Perkyns	Stephen	cello	
Jiří Pinkas	Pinkas	Jiří	viola	Bennewitz Quartet
Tiffany Poon	Poon	Tiffany	piano	
Anran Qian	Qian	Anran	piano	
Emma Robertson	Robertson	Emma	voice	
Ashley Marie Robillard	Robillard	Ashley Marie	voice	Curtis Opera Theatre
Andres Sanchez	Sanchez	Andres	cello	AYA Trio
Mika Sasaki	Sasaki	Mika	piano	
Yukiko Sekino	Sekino	Yukiko	piano	
Sophiko Simsive	Simsive	Sophiko	piano	
Yasmina Spiegelberg	Spiegelberg	Yasmina	clarinet	
Liza Stepanova	Stepanova	Liza	piano	Lysander Trio
Gabriele Strata	Strata	Gabriele	piano	
Sophia Szokolay	Szokolay	Sophia	violin	
Jamila Tekalli	Tekalli	Jamila	piano	
Suliman Tekalli	Tekalli	Suliman	violin	
Yi-Mei Templeman	Templeman	Yi-Mei	cello	Trio Gaia
Martine Thomas	Thomas	Martine	viola	
An Tran	Tran	An	guitar	
Dina Vainshtein	Vainshtein	Dina	piano	
Audrey Vardanega	Vardanega	Audrey	piano	
Keila Wakao	Wakao	Keila	violin	
Wynona Wang	Wang	Wynona	piano	
Meredith Wohlgemuth	Wohlgemuth	Meredith	voice	
Yen-Chen Wu	Wu	Yen-Chen	bassoon	
Alice Chenyang Xu	Xu	Alice Chenyang	piano	
Julia Yang	Yang	Julia	cello	Merz Trio
Chengcheng Yao	Yao	Chengcheng	piano	
Ilana Zaks	Zaks	Ilana	violin	
Benjamin Zannoni	Zannoni	Benjamin	viola	Balourdet Quartet
Itamar Zorman	Zorman	Itamar	violin	Lysander Trio
Stephanie Zyzak	Zyzak	Stephanie	violin	