key	category	composer	title	catalog	year
Adams1995a	Violin and Piano	John Adams	Road Movies		1995
Andersen1895a	Flute and Piano	Joachim Andersen	“Die Zauberflöte” from Opera Transcriptions	Op. 45	1895
Bach1712a	Solo Piano	Johann Sebastian Bach	Toccata in F-sharp minor	BWV 910	1712
Bach1717a	Solo Cello	Johann Sebastian Bach	Cello Suite No. 3 in C major	BWV 1009	1717
Bach1720a	Solo Violin	Johann Sebastian Bach	Violin Sonata in G minor	BWV 1001	1720
Bach1720b	Solo Violin	Johann Sebastian Bach	Violin Sonata in C major	BWV 1005	1720
Bach1720c	Solo Piano	Johann Sebastian Bach	Prelude from Cello Suite No. 4 (arr. A. Siloti)	BWV 1010	?
Bach1720d	Violin and Piano	Johann Sebastian Bach	Violin Sonata in E major	BWV 1016	1720
Bach1720e	Solo Violin	Johann Sebastian Bach	"Partita No. 2 in D minor, BWV 1004"	BWV 1004	1720
Bach1720f	Solo Piano	Johann Sebastian Bach	<i>Ciaccona</i> (transcription by F. Busoni)	BWV 1004:5	1720
Bach1722a	Solo Piano	Johann Sebastian Bach	Prelude and Fugue in B major	BWV 868	1722
Bach1725a	Solo Piano	Johann Sebastian Bach	French Suite No. 5	BWV 816	1725
Bach1731a	Solo Piano	Johann Sebastian Bach	Partita No. 1 in B-flat major	BWV 825	1731
Bach1735a	Solo Piano	Johann Sebastian Bach	Italian Concerto	BWV 971	1735
Bach1735b	Solo Piano	Johann Sebastian Bach	Overture in the French style	BWV 831	1735
Bach1740a	Solo Piano	Johann Sebastian Bach	Prelude and Fugue in F-sharp minor	BWV 883	1740
Bach1740b	Cello and Piano	Johann Sebastian Bach	Viola da Gamba Sonata No. 3 in G minor	BWV 1029	1740?
Bach1740c	Solo Piano	Johann Sebastian Bach	Prelude and Fugue in F major (WTC II)	BWV 880	1740
Bach1787a	Solo Piano	Carl Philipp Emanuel Bach	Fantasia in F-sharp minor	H. 300	1787
Baker1992a	Piano Trio	David Nathaniel Baker	Roots II		1992
Barber1939a	Violin and Piano	Samuel Barber	Violin Concerto	Op. 14	1939
Barber1947a	Voice and Piano	Samuel Barber	“Knoxville: Summer of 1915”	Op. 24	1947
Barber1977a	Solo Piano	Samuel Barber	Ballade	Op. 46	1977
Bartók1926a	Solo Piano	Bela Bartók	Piano Sonata	Sz. 80	1926
Bartók1926b	Solo Piano	Bela Bartók	Out of Doors	Sz. 81	1926
Bartók1944a	Solo Violin	Bela Bartók	Sonata for Solo Violin	Sz. 117	1944
Bauer1932a	Clarinet and Piano	Marion Bauer	Sonata For Clarinet And Piano		1932
Beach1893a	Cello and Piano	Amy Beach	Romance (transcribed for cello by S. DeCaprio)	Op. 23	1893
Beach1894a	Solo Piano	Amy Beach	Ballade	Op. 6	1894
Beethoven1795a	Solo Piano	Ludwig van Beethoven	Piano Sonata No. 3 in C major	Op. 2:3	1795
Beethoven1796a	Solo Piano	Ludwig van Beethoven	Piano Sonata No. 4 in E-flat major	Op. 7	1796
Beethoven1798a	Violin and Piano	Ludwig van Beethoven	Violin Sonata No. 2 in A major	Op. 12:2	1798
Beethoven1798b	Violin and Piano	Ludwig van Beethoven	Violin Sonata No. 3 in E-flat major	Op. 12:3	1798
Beethoven1798c	Solo Piano	Ludwig van Beethoven	Piano Sonata No. 6 in F major	Op. 10:2	1798
Beethoven1799a	String Quartet	Ludwig van Beethoven	String Quartet No. 5 in A major	Op. 18:5	1799
Beethoven1801a	Solo Piano	Ludwig van Beethoven	Piano Sonata No. 15 in D major (“Pastorale”)	Op. 28	1801
Beethoven1801b	Violin and Piano	Ludwig van Beethoven	Violin Sonata No. 4 in A minor	Op. 23	1801
Beethoven1801c	Violin and Piano	Ludwig van Beethoven	Violin Sonata No. 5 in F major (“Spring”)	Op. 24	1801
Beethoven1801d	Cello and Piano	Ludwig van Beethoven	"7 Variations on “Bei Männern, welche Liebe fühlen” from <i>The Magic Flute</i>"	WoO. 46	1801
Beethoven1802a	Solo Piano	Ludwig van Beethoven	Piano Sonata No. 18 in E-flat major	Op. 31:3	1802
Beethoven1802b	Violin and Piano	Ludwig van Beethoven	Violin Sonata No. 8 in G major	Op. 30:3	1802
Beethoven1803a	Solo Piano	Ludwig van Beethoven	Six Variations on an original theme	Op. 34	1803
Beethoven1803b	Violin and Piano	Ludwig van Beethoven	Violin Sonata No. 9 in A major (“Kreutzer”)	Op. 47	1803
Beethoven1806a	String Quartet	Ludwig van Beethoven	String Quartet No. 7 in F major	Op. 59:1	1806
Beethoven1806b	String Quartet	Ludwig van Beethoven	String Quartet No. 8 in E minor	Op. 59:2	1806
Beethoven1808a	Cello and Piano	Ludwig van Beethoven	Cello Sonata No. 3 in A major	Op. 69	1808
Beethoven1808b	Piano Trio	Ludwig van Beethoven	Piano Trio in D major “Ghost”	Op. 70:1	1808
Beethoven1809a	Solo Piano	Ludwig van Beethoven	Piano Sonata No. 24 in F-sharp major	Op. 78	1809
Beethoven1811a	Piano Trio	Ludwig van Beethoven	Piano Trio in B-flat major (“Archduke”)	Op. 97	1811
Beethoven1812a	Violin and Piano	Ludwig van Beethoven	Violin Sonata No. 10 in G major	Op. 96	1812
Beethoven1816a	Solo Piano	Ludwig van Beethoven	Piano Sonata No. 28 in A major	Op. 101	1816
Beethoven1820a	Solo Piano	Ludwig van Beethoven	Piano Sonata No. 30 in E major	Op. 109	1820
Beethoven1821a	Solo Piano	Ludwig van Beethoven	Piano Sonata No. 31 in A-flat major	Op. 110	1821
Beethoven1822a	Solo Piano	Ludwig van Beethoven	Piano Sonata No. 32 in C minor	Op. 111	1822
Beethoven1823a	Solo Piano	Ludwig van Beethoven	Variations on a waltz by Anton Diabelli	Op. 120	1823
Beethoven1825a	String Quartet	Ludwig van Beethoven	String Quartet No. 15 in A minor	Op. 132	1825
Beethoven1826a	String Quartet	Ludwig van Beethoven	String Quartet No. 14 in C-sharp minor	Op. 131	1826
Berg1910a	Solo Piano	Alban Berg	Piano Sonata in B minor	Op. 1	1910
Bonds1	Voice and Piano	Margaret Bonds	“He’s Got the Whole World in His Hand”		
Boulanger1911a	Violin and Piano	Lili Boulanger	Nocturne		1911
Boulanger1911b	Cello and Piano	Lili Boulanger	Deux Morceaux	Op. 17	1911
Boulanger1914a	Piano Trio	Lili Boulanger	“D’un vieux jardin” from Three Pieces (arr. Merz Trio)		1914
Boulanger1914b	Cello and Piano	Nadia Boulanger	Trois pièces		1914
Brahms1853a	Solo Piano	Johannes Brahms	Piano Sonata No. 3 in F minor	Op. 5	1853
Brahms1853b	Violin and Piano	Johannes Brahms	Scherzo in C minor from the F-A-E Sonata		1853
Brahms1861a	Solo Piano	Johannes Brahms	Variations and Fugue on a Theme by Handel	Op. 24	1861
Brahms1863a	Solo Piano	Johannes Brahms	Variations on a Theme of Paganini	Op. 35	1863
Brahms1865a	Cello and Piano	Johannes Brahms	Cello Sonata No. 1 in E minor	Op. 38	1865
Brahms1873a	String Quartet	Johannes Brahms	String Quartet in A minor	Op. 51:2	1873
Brahms1874a	Voice and Piano	Johannes Brahms	Heimweh (Longing for home)	Op. 63:7–9	1874
Brahms1879a	Violin and Piano	Johannes Brahms	Violin Sonata No. 1 in G major	Op. 78	1879
Brahms1882a	Piano Trio	Johannes Brahms	Piano Trio No. 2 in C major	Op. 87	1882
Brahms1886a	Violin and Piano	Johannes Brahms	Violin Sonata No. 2 in A major	Op. 100	1886
Brahms1886b	Cello and Piano	Johannes Brahms	Cello Sonata No. 2 in F major	Op. 99	1886
Brahms1888a	Violin and Piano	Johannes Brahms	Violin Sonata No. 3 in D minor	Op. 108	1888
Brahms1892a	Solo Piano	Johannes Brahms	Fantasies	Op. 116	1892
Brahms1893a	Solo Piano	Johannes Brahms	Six Pieces for Piano	Op. 118	1893
Brahms1894a	Clarinet and Piano	Johannes Brahms	Clarinet Sonata No. 2 in E-flat major	Op. 120:2	1894
Bridge1910a	Cello and Piano	Frank Bridge	4 Pieces for Cello and Piano		1910
Britten1935a	Violin and Piano	Benjamin Britten	Suite for Violin and Piano	Op. 6	1935
Brown2013a	Violin and Piano	Michael Brown	Sonata for Violin and Piano		2013
Bruch1910a	Clarinet Trio	Max Bruch	Acht Stücke (selections)	Op. 83	1910
Carter1994a	Solo Cello	Elliott Carter	Figment		1994
Chausson1881a	Piano Trio	Ernest Chausson	Piano Trio in G minor	Op. 3	1881
Chen2003a	Cello and Piano	Shih-Hui Chen	Shui		2003
Chopin1827a	Solo Piano	Frédéric Chopin	Nocturne	Op. 72:1	1827
Chopin1831a	Solo Piano	Frédéric Chopin	Waltz in A minor	Op. 34:2	1831
Chopin1834a	Solo Piano	Frédéric Chopin	Andante spianato & Grande polonaise brillante	Op. 22	1834
Chopin1835a	Solo Piano	Frédéric Chopin	Ballade No. 1 in G minor	Op. 23	1835
Chopin1836a	Solo Piano	Frédéric Chopin	Nocturne in C-sharp minor	Op. 27:1	1836
Chopin1836b	Solo Piano	Frédéric Chopin	Nocturne in D-flat major	Op. 27:2	1836
Chopin1837a	Solo Piano	Frédéric Chopin	Scherzo in B-flat minor	Op. 32	1837
Chopin1839a	Solo Piano	Frédéric Chopin	Scherzo in C-sharp minor	Op. 39	1839
Chopin1839b	Solo Piano	Frédéric Chopin	Preludes (1-12)	Op. 28	1839
Chopin1839c	Solo Piano	Frédéric Chopin	Preludes	Op. 28	1839
Chopin1839d	Solo Piano	Frédéric Chopin	Ballade No. 2 in F major	Op. 38	1839
Chopin1841a	Solo Piano	Frédéric Chopin	Nocturne	Op. 48:1	1841
Chopin1841b	Solo Piano	Frédéric Chopin	Fantaisie in F minor	Op. 49	1841
Chopin1842a	Solo Piano	Frédéric Chopin	Ballade No. 4 in F minor	Op. 52	1842
Chopin1844a	Solo Piano	Frédéric Chopin	Piano Sonata No. 3	Op. 58	1844
Chopin1844b	Solo Piano	Frédéric Chopin	Mazurkas	Op. 56	1844
Chopin1846a	Solo Piano	Frédéric Chopin	Barcarolle in F-sharp major	Op. 60	1846
Chopin1846b	Solo Piano	Frédéric Chopin	Polonaise-Fantaisie in A-flat major	Op. 61	1846
Chopin1848a	Cello and Piano	Frédéric Chopin	Cello Sonata in G minor	Op. 65	1848
Clarke1918a	Viola and Piano	Rebecca Clarke	“Untitled” for Viola and Piano		1918
Copeland1921a	Solo Piano	Aaron Copeland	Three Moods		1921
Copeland1954a	Voice and Piano	Aaron Copeland	“Laurie’s Song” (aria from <i>The Tender Land</i>)		1954
Copeland1971a	Flute and Piano	Aaron Copeland	Duo for Flute and Piano		1971
Corigliano1999a	Solo Violin	John Corigliano	The Red Violin Caprices		1999
Dallapiccola1945a	Solo Cello	Luigi Dallapiccola	Ciaccona (Intermezzo e Adagio)		1945
Debussy1889a	Piano Four-Hands	Claude Debussy	Petite Suite		1889
Debussy1892a	Solo Piano	Claude Debussy	Nocturne		1892
Debussy1893a	String Quartet	Claude Debussy	String Quartet in G minor	L. 91	1893
Debussy1903a	Solo Piano	Claude Debussy	Estampes		1903
Debussy1904a	Solo Piano	Claude Debussy	Masques	L. 105	1904
Debussy1904b	Solo Piano	Claude Debussy	L’isle joyeuse	L. 106	1904
Debussy1907a	Solo Piano	Claude Debussy	Images: Book 1		1905
Debussy1907b	Solo Piano	Claude Debussy	Images: Book 2		1907
Debussy1914a	Piano Four-Hands	Claude Debussy	Six épigraphes antiques		1914
Debussy1915a	Cello and Piano	Claude Debussy	Sonata for Cello and Piano	L. 135	1915
Debussy1915b	Solo Piano	Claude Debussy	Étude XI. “Pour les arpèges composés”	L. 136	1915
Debussy1917a	Violin and Piano	Claude Debussy	Violin Sonata		1917
Dorman2011a	Violin and Piano	Avner Dorman	Violin Sonata No. 3		2011
Dutilleux1947a	Oboe and Piano	Henri Dutilleux	Sonata for Oboe and Piano		1947
Dutilleux1976a	Solo Cello	Henri Dutilleux	Trois Strophes sur le nom de Sacher		1976
Dvořák1895a	String Quartet	Antonín Dvořák	String Quartet No. 13 in G major	Op. 106	1895
Falla1914a	Cello and Piano	Manuel de Falla	Suite Populaire Espagnole		1914
Fauré1876a	Violin and Piano	Gabriel Fauré	Violin Sonata No. 1 in A major	Op. 13	1876
Fauré1894a	Solo Piano	Gabriel Fauré	Nocturne no. 6 in D flat major	Op. 63	1894
Fauré1916a	Violin and Piano	Gabriel Fauré	Violin Sonata No. 2 in E minor	Op. 108	1916
Franck1884a	Solo Piano	César Franck	"“Prélude, Chorale, et Fugue”"	FWV 21	1884
Franck1886a	Violin and Piano	César Franck	Violin Sonata in A major		1886
Franck1886b	Violin and Piano	César Franck	Mélancolie		1886
Frazin2022a	Solo Piano	Howard Frazin	Overture to the Moon and Stars		2022
George2014a	Solo Piano	Whitney George	Selections from The Extinction Series		2014
Gershwin1924a	Piano Four-Hands	George Gershwin	Rhapsody in Blue		1924
Gershwin1926a	Clarinet and Piano	George Gershwin	Three Preludes (arr. C. Neidich)		1926
Gershwin1926b	Violin and Piano	George Gershwin	Three Preludes (arr. J. Heifetz)		1926
Ginasetera1952a	Solo Piano	Alberto Ginastera	Piano Sonata No. 1	Op. 22	1952
Glière1909a	Violin and Viola	Reinhold Glière	Selections from Huit Morceaux	Op. 39	1909
Granados1911a	Solo Piano	Enrique Granados	“Quejas o la maja y el ruisenor” from Goyescas		1911
Grieg1886a	Violin and Piano	Edvard Grieg	Violin Sonata No. 3	Op. 45	1886
Halvorsen1897a	Violin and Cello	Handel-Halvorsen	Sarabande con variazioni (arr. Martins)		1897
Haydn1768a	Solo Piano	Franz Joseph Haydn	Keyboard Sonata in A-flat major	Hob. XVI:46	1768
Haydn1775a	Solo Piano	Franz Joseph Haydn	Keyboard Sonata in B minor	Hob. XVI:32	1775
Haydn1790a	Solo Piano	Franz Joseph Haydn	Keyboard Sonata in E-flat major	Hob. XVI:49	1790
Haydn1794a	Solo Piano	Franz Joseph Haydn	Keyboard Sonata in E-flat major	Hob. XVI:52	1794
INT			<i>Intermission</i>		
Ives1895a	Voice and Piano	Charles Ives	“Songs My Mother Taught Me”		1895
Ives1915a	Solo Piano	Charles Ives	Piano Sonata No. 2: III. “The Alcotts”		1915
Janáček1906a	Solo Piano	Leoš Janáček	Piano Sonata 1.X.1905 “From the Street”		1906
Janáček1908a	Solo Piano	Leoš Janáček	On an Overgrown Path: Book I (selections)		1908
Janáček1912a	Solo Piano	Leoš Janáček	In the Mists		1912
Janáček1914a	Violin and Piano	Leoš Janáček	Violin Sonata		1914
Janáček1923a	Cello and Piano	Leoš Janáček	Pohádka		1923
Janáček1928a	String Quartet	Leoš Janáček	"String Quartet No. 2, “Intimate Letters”"		1928
Kodály1914a	Violin and Cello	Zoltán Kodály	Duo for violin and cello	Op. 7	1914
Korngold1916a	Violin and Piano	Erich Korngold	Suite from “Much Ado About Nothing”	Op. 11	1916
Kreisler1905a	Violin and Piano	Fritz Kreisler	Tambourin Chinois	Op. 3	1905
Kreisler1911a	Solo Violin	Fritz Kreisler	Recitativo and Scherzo-Caprice	Op. 6	1911
Kreisler1917a	Solo Violin	Fritz Kreisler	La Gitana		1917
Kurtág1979a	Violin and Piano	György Kurtág	Tre pezzi per Solo Violino e Solo Pianoforte	Op. 14e	1979
Lash2014a	Solo Piano	Han Lash	Liebesbrief an Schumann		2014
Lekeu1892a	Violin and Piano	Guillaume Lekeu	Violin Sonata in G major	V. 64	1892
León1987a	Solo Piano	Tania León	Rituál		1987
Ligeti1985a	Solo Piano	György Ligeti	Études Pour Piano (selections)		1985
Liszt1849a	Solo Piano	Franz Liszt	Sonetto No. 123 del Petrarca	S. 161:6	1849
Liszt1849b	Solo Piano	Franz Liszt	Fantasia quasi Sonata “Après une lecture du Dante”	S. 161:7	1849
Liszt1859a	Solo Piano	Franz Liszt	Paraphrase de concert sur Rigoletto	S. 434	1859
Liszt1867a	Solo Piano	Franz Liszt	Isoldes Liebestod (Schlußszene aus Tristan und Isolde)		1867
Liszt1877a	Solo Piano	Franz Liszt	Les Jeux d’eaux à la Villa d’Este		1877
Loeb2019a	Solo Piano	David Loeb	The Invisible River		2019
Martinů1947a	Violin and Viola	Bohuslav Martinů	Three Madrigals	H. 313	1947
Martinů1952a	Cello and Piano	Bohuslav Martinů	Sonata No. 3 for Cello and Piano	H. 340	1952
Mendelssohn1827a	String Quartet	Felix Mendelssohn	String Quartet No. 2 in A minor	Op. 13	1827
Mendelssohn1841a	Solo Piano	Felix Mendelssohn	Variations sérieuses	Op. 54	1841
Mendelssohn1841b	Piano Four-Hands	Felix Mendelssohn	Andante and Allegro Brillant	Op. 92	1841
Messiaen1932a	Violin and Piano	Olivier Messiaen	Thème et Variations		1932
Messiaen1944a	Solo Piano	Olivier Messiaen	Regard de l’Esprit de joie		1944
Miller1980a	Voice and Piano	George Hubbard Miller	“Rumstikka Fumadiddle”		1980
Morris2007a	Oboe and Piano	Alyssa Morris	Four Personalities		2007
Mozart1772a	String Quartet	Wolfgang Amadeus Mozart	String Quartet in C Major	K. 157	1772
Mozart1774a	Piano Four-Hands	Wolfgang Amadeus Mozart	Sonata for piano four-hands in B-flat major	K. 358	1774
Mozart1778_	Violin and Piano	Wolfgang Amadeus Mozart	Violin Sonata No. 18 in G major	K. 301	1778
Mozart1778a	Violin and Piano	Wolfgang Amadeus Mozart	Violin Sonata No. 20 in C major	K. 303	1778
Mozart1778b	Violin and Piano	Wolfgang Amadeus Mozart	Violin Sonata No. 21 in E minor	K. 304	1778
Mozart1778c	Solo Piano	Wolfgang Amadeus Mozart	Piano Sonata No. 8 in A minor	K. 310	1778
Mozart1783a	Violin and Piano	Wolfgang Amadeus Mozart	Violin Sonata in F major	K. 377	1783
Mozart1783b	Violin and Viola	Wolfgang Amadeus Mozart	Duo in G major for Violin and Viola	K. 423	1783
Mozart1783c	Solo Piano	Wolfgang Amadeus Mozart	Piano Sonata No. 10 in C major	K. 330	1783
Mozart1783d	Solo Piano	Wolfgang Amadeus Mozart	Piano Sonata No. 12 in F major	K. 332	1783
Mozart1784a	Solo Piano	Wolfgang Amadeus Mozart	Piano Sonata No. 13 in B-flat major	K. 333	1784
Mozart1784b	Violin and Piano	Wolfgang Amadeus Mozart	Violin Sonata No. 32 in B-flat major	K. 454	1784
Mozart1785a	String Quartet	Wolfgang Amadeus Mozart	String Quartet No. 19 in C major (“Dissonant”)	K. 465	1785
Mozart1785b	Violin and Piano	Wolfgang Amadeus Mozart	Violin Sonata in E-flat major	K. 481	1785
Mozart1786a	Clarinet Trio	Wolfgang Amadeus Mozart	Kegelstatt Trio	K. 498	1786
Mozart1787a	Violin and Piano	Wolfgang Amadeus Mozart	Violin Sonata No. 35 in A major	K. 526	1787
Mozart1788a	Solo Piano	Wolfgang Amadeus Mozart	Piano Sonata No. 15 in F major	K. 533	1788
Mozart1788b	Piano Trio	Wolfgang Amadeus Mozart	Piano Trio in E major	K. 542	1788
Mozart1789a	Solo Piano	Wolfgang Amadeus Mozart	Piano Sonata No. 17 in B-flat major	K. 570	1789
Mumford2001a	Solo Viola	Jeffrey Mumford	Wending		2001
Musgrave2008a	Oboe and Piano	Thea Musgrave	Night Windows		2007
Mussorgsky1874a	Solo Piano	Modest Mussorgsky	Pictures At An Exhibition		1874
Paganini1820a11	Violin and Piano	Niccolò Paganini	Caprice No. 11 in C major		1820
Pärt1992a	Piano Trio	Arvo Pärt	Mozart-Adagio (in memory of Oleg Kagan)		1992
Pejačević1913a	Cello and Piano	Dora Pejačević	Cello Sonata in E minor	Op. 35	1913
Pierné1887a	Cello and Piano	Gabriel Pierné	Caprice	Op. 16	1887
Poulenc1943a	Violin and Piano	Francis Poulenc	Violin Sonata	FP 119	1943
Poulenc1957a	Flute and Piano	Francis Poulenc	Flute Sonata	FP 164	1957
Poulenc1960a	Voice and Piano	Francis Poulenc	La Courte Paille (The short straw)	FP 178	1960
Poulenc1962a	Clarinet and Piano	Francis Poulenc	Clarinet Sonata	FP 184	1962
Prokofiev1917a	Solo Piano	Sergei Prokofiev	Piano Sonata No. 3 in A minor	Op. 28	1917
Prokofiev1918a	Solo Piano	Sergei Prokofiev	Tales of an Old Grandmother	Op. 31	1918
Prokofiev1935a	Violin and Piano	Sergei Prokofiev	Violin Concerto No. 2 in G minor	Op. 63	1935
Prokofiev1935a	Violin and Piano	Sergei Prokofiev	Violin Concerto No. 2 in G minor	Op. 63	1935
Prokofiev1940a	Solo Piano	Sergei Prokofiev	Piano Sonata No. 6 in A major	Op. 82	1940
Prokofiev1942a	Solo Piano	Sergei Prokofiev	Piano Sonata No. 7 in B-flat major	Op. 83	1942
Prokofiev1943a	Violin and Piano	Sergei Prokofiev	Violin Sonata in D major	Op. 94a	1944
Prokofiev1944a	Solo Piano	Sergei Prokofiev	Piano Sonata No. 8 in B-Flat Major	Op. 84	1944
Prokofiev1949a	Cello and Piano	Sergei Prokofiev	Cello Sonata in C major	Op. 119	1949
Rachmaninoff1903a	Solo Piano	Sergei Rachmaninoff	Ten Preludes	Op. 23	1903
Rachmaninoff1903b	Solo Piano	Sergei Rachmaninoff	Ten Preludes (selections)	Op. 23	1903
Rachmaninoff1910a	Solo Piano	Sergei Rachmaninoff	Thirteen Preludes	Op. 32	1910
Rachmaninoff1910b	Solo Piano	Sergei Rachmaninoff	Thirteen Preludes (selections)	Op. 32	1910
Rachmaninoff1911a	Solo Piano	Sergei Rachmaninoff	Études-Tableaux	Op. 33	1911
Rachmaninoff1911b	Solo Piano	Sergei Rachmaninoff	Études-Tableaux (selections)	Op. 33	1911
Rachmaninoff1913a	Solo Piano	Sergei Rachmaninoff	Piano Sonata No. 2	Op. 36	1913
Rachmaninoff1916a	Solo Piano	Sergei Rachmaninoff	Études-Tableaux	Op. 39	1916
Rachmaninoff1916b	Solo Piano	Sergei Rachmaninoff	Études-Tableaux (selections)	Op. 39	1916
Rachmaninoff1931a	Solo Piano	Sergei Rachmaninoff	Variations on a Theme of Corelli	Op. 42	1931
Rameau1727a	Solo Piano	Jean-Philippe Rameau	Suite in G major for harpsichord	RCT 6	1727
Rathaus1927a	Solo Piano	Karol Rathaus	Two pieces from the ballet “Der letzte Pierrot”		1927
Ravel1897a	Violin and Piano	Maurice Ravel	Sonata posthume for violin and piano	M. 12	1897
Ravel1901a	Solo Piano	Maurice Ravel	Jeux d’eau	M. 30	1901
Ravel1905a	Solo Piano	Maurice Ravel	Miroirs	M. 43	1905
Ravel1905b	Solo Piano	Maurice Ravel	Sonatine	M. 40	1905
Ravel1908a	Solo Piano	Maurice Ravel	Gaspard de la nuit	M. 55	1908
Ravel1910a	Piano Four-Hands	Maurice Ravel	Ma mère l’Oye	M. 60	1910
Ravel1911a	Solo Piano	Maurice Ravel	Valses Nobles et Sentimentales	M. 61	1911
Ravel1914a	Violin and Piano	Maurice Ravel	Deux mélodies hébraiques		1914
Ravel1914b	Piano Trio	Maurice Ravel	Piano Trio	M. 67	1914
Ravel1917a	Solo Piano	Maurice Ravel	Le tombeau de Couperin	M. 68	1917
Ravel1917b	Piano Four-Hands	Maurice Ravel	Le tombeau de Couperin (transcription by L. Garban)	M. 68	1917
Ravel1917c	Violin and Piano	Maurice Ravel	Le tombeau de Couperin (arr. S. Tekalli)	M. 68	1917
Ravel1920a	Solo Piano	Maurice Ravel	La Valse	M. 72b	1920
Ravel1920b	Piano Trio	Maurice Ravel	La Valse (arr. Merz Trio)	M. 72b	1920
Ravel1922a	Violin and Cello	Maurice Ravel	Sonata for violin and cello	M. 73	1922
Ravel1924a	Violin and Piano	Maurice Ravel	Tzigane	M. 76	1924
Ravel1927a	Violin and Piano	Maurice Ravel	Violin Sonata in G major	M. 77	1927
Rogerson2009a	Violin and Piano	Chris Rogerson	Lullaby: No Bad Dreams		2009
Saariaho2012a	Solo Clarinet	Kaija Saariaho	Duft	Op. 22	2012
Saint-Saëns1874a	Piano Four-Hands	Camille Saint-Saëns	Danse Macabre	Op. 40	1874
Saint-Saëns1877a	Violin and Piano	Camille Saint-Saëns	Danse macabre	Op. 40	1877
Saint-Saëns1886a	Cello and Piano	Camille Saint-Saëns	The Carnival of the Animals: 13. The Swan		1886
Scarlatti1750a	Solo Piano	Domenico Scarlatti	Keyboard Sonata in G major	K. 79	?
Scarlatti1750b	Solo Piano	Domenico Scarlatti	Keyboard Sonata in D major	K. 118	?
Scarlatti1750c	Solo Piano	Domenico Scarlatti	Keyboard Sonata in F major	K. 445	?
Schnittke1972a	Violin and Piano	Alfred Schnittke	Suite in the Olden Style		1972
Schoenberg1909a	Solo Piano	Arnold Schoenberg	Drei Klavierstücke	Op. 11	1909
Schoenberg1913a	Solo Piano	Arnold Schoenberg	Sechs kleine Klavierstücke	Op. 19	1913
Schoenfeld1990a	Violin and Piano	Paul Schoenfeld	Four Souvenirs		1990
Schubert1814a	Voice and Piano	Franz Schubert	“Gretchen am Spinnrade”	D. 118	1814
Schubert1817a	Voice and Piano	Franz Schubert	“An die Musik”	D. 547	1817
Schubert1817b	Violin and Piano	Franz Schubert	Violin Sonata in A major	D. 574	1817
Schubert1819a	Voice and Piano	Franz Schubert	“Nachstuck”	D. 672	1819
Schubert1823a	Solo Piano	Franz Schubert	Six Moments Musicaux	D. 780	1823
Schubert1824a	Cello and Piano	Franz Schubert	Arpeggione Sonata in A minor	D. 821	1824
Schubert1826a	Violin and Piano	Franz Schubert	Rondo in B minor	D. 895	1826
Schubert1827a	Piano Trio	Franz Schubert	Piano Trio No. 1 in B-flat major	D. 898	1827
Schubert1827b	Solo Piano	Franz Schubert	Four Impromptus	D. 899	1827
Schubert1827c	Piano Trio	Franz Schubert	Piano Trio No. 2 in E-flat major	D. 929	1827
Schubert1827d	Violin and Piano	Franz Schubert	Fantasie in C major	D. 934	1827
Schubert1828b	Piano Four-Hands	Franz Schubert	Fantasie in F minor	D. 940	1828
Schubert1828c	Solo Piano	Franz Schubert	Drei Klavierstücke	D. 946	1828
Schubert1828d	Piano Four-Hands	Franz Schubert	Lebensstürme in A minor	D. 947	1828
Schubert1828e	Piano Four-Hands	Franz Schubert	Rondo in A major	D. 951	1828
Schubert1828g	Solo Piano	Franz Schubert	Piano Sonata in C minor	D. 958	1828
Schubert1828h	Solo Piano	Franz Schubert	Piano Sonata in A major	D. 959	1828
Schumann1830a	Solo Piano	Robert Schumann	Piano Sonata No. 2 in G minor	Op. 22	1830
Schumann1831a	Solo Piano	Robert Schumann	Papillons	Op. 2	1831
Schumann1836a	Solo Piano	Robert Schumann	Fantasie in C major	Op. 17	1836
Schumann1837a	Solo Piano	Robert Schumann	Davidsbündlertänze	Op. 6	1837
Schumann1838a	Solo Piano	Robert Schumann	Kreisleriana	Op. 16	1838
Schumann1838b	Solo Piano	Robert Schumann	Kinderszenen “Scenes from Childhood”	Op. 15	1838
Schumann1839a	Solo Piano	Robert Schumann	Carnival Scenes from Vienna	Op. 26	1839
Schumann1839b	Solo Piano	Robert Schumann	Humoreske	Op. 20	1839
Schumann1839c	Solo Piano	Robert Schumann	Arabeske in C major	Op. 18	1839
Schumann1848a	Piano Four-Hands	Robert Schumann	Six Impromptus “Bilder aus Osten”	Op. 66	1848
Schumann1849a	Cello and Piano	Robert Schumann	Fantasiestücke	Op. 73	1849
Schumann1850a	Solo Piano	Robert Schumann	Bunte Blätter	Op. 99	1850
Schumann1851a	Violin and Piano	Robert Schumann	Violin Sonata No. 1 in A minor	Op. 105	1851
Schumann1851b	Piano Trio	Robert Schumann	Piano Trio No. 3 in G minor	Op. 110	1851
Schumann1851c	Violin and Piano	Robert Schumann	Violin Sonata No. 2 in D minor	Op. 121	1851
Schumann1853a	Oboe and Piano	Clara Schumann	Three Romances	Op. 22	1853
Schumann1853b	Violin and Piano	Clara Schumann	Three Romances	Op. 22	1853
Scriabin1894a	Solo Piano	Alexander Scriabin	Prelude and Nocturne for the Left Hand	Op. 9	1894
Scriabin1896a	Solo Piano	Alexander Scriabin	24 Preludes	Op. 11	1896
Scriabin1896b	Solo Piano	Alexander Scriabin	24 Preludes (selections)	Op. 11:1–4	1896
Scriabin1898a	Solo Piano	Alexander Scriabin	Sonata-Fantasy in G-sharp minor	Op. 19	1898
Scriabin1903a	Solo Piano	Alexander Scriabin	Poèmes	Op. 32	1903
Scriabin1903b	Solo Piano	Alexander Scriabin	Valse	Op. 38	1903
Scriabin1907a	Solo Piano	Alexander Scriabin	Piano Sonata No. 5	Op. 53	1907
Shchedrin1961a	Solo Piano	Rodion Shchedrin	À la Albéniz		1961
Shostakovich1923a	Piano Trio	Dmitri Shostakovich	Piano Trio No. 1 in C minor	Op. 8	1923
Shostakovich1934a	Cello and Piano	Dmitri Shostakovich	Sonata for Cello and Piano in D minor	Op. 40	1934
Shostakovich1943a	Solo Piano	Dmitri Shostakovich	Piano Sonata No. 2 in B minor	Op. 61	1943
Sibelius1892a	Violin and Viola	Jean Sibelius	Duo in C major for Violin and Viol		1892
Silvestrini1997a	Solo Oboe	Gilles Silvestrini	Études: I. Hôtel des Roches (Monet 1870)		1997
Strauss1888a	Violin and Piano	Richard Strauss	Violin Sonata in E-flat major	Op. 18	1888
Stravinsky1921a	Solo Piano	Igor Stravinsky	Trois mouvements de Pétrouchka		1921
Stravinsky1934a	Violin and Piano	Igor Stravinsky	Divertimento from <i>Le baiser de la fée</i>		1934
Suprana1984a	Solo Piano	Jaya Suprana	Fragmen		1984
Szymanowski1903a	Solo Piano	Karol Szymanowski	Variations in B-flat minor	Op. 3	1903
Takemitsu1982a	Solo Piano	Toru Takemitsu	Rain Tree Sketch		1982
Takemitsu1989a	Viola and Piano	Toru Takemitsu	A String Around Autumn		1989
Takemitsu1992a	Solo Piano	Toru Takemitsu	Rain Tree Sketch II		1992
TBA			<i>Work to be announced</i>		
Tchaikovsky1878a	Violin and Piano	Pyotr Ilyich Tchaikovsky	Souvenir d’un lieu cher	Op. 42	1878
Tchaikovsky1882a	Piano Trio	Pyotr Ilyich Tchaikovsky	Piano Trio in A minor	Op. 50	1882
Tchaikovsky1892a	String Quartet	Pyotr Ilyich Tchaikovsky	The Nutcracker (selections)	Op. 71	1892
Telemann1733a	Solo Oboe	Georg Philipp Telemann	Fantasia in B-flat major	TWV 40:5	1733
Tower2004a	Piano Trio	Joan Tower	For Daniel		2004
Villa-Lobos1940a	Violin and Cello	Heitor Villa-Lobos	Five Preludes for Guitar (arr. Martins)		1940
Walker1945a	Solo Piano	George Walker	Prelude (1945) and Caprice (1941)		1945
Widmann2008a	Violin and Cello	Jörg Widmann	24 Duos for violin and cello (selections)		2008
Wolf1896a	Voice and Piano	Hugo Wolf	Italienisches Liederbuch (Italian Songbook)		1896
Yen2007a	Solo Piano	Ming-Hsiu Yen	Two old postcards from Formosa		2007
Yi2000a	Solo Piano	Chen Yi	Duo Ye		2000
Ysaÿe1923a	Solo Violin	Eugène Ysaÿe	"Sonata No. 1 in G minor for solo violin, Op. 27 (ded. Joseph Szigeti)"	Op. 27	1923
Ysaÿe1923b	Solo Violin	Eugène Ysaÿe	"Sonata No. 3 In D Minor for solo violin, Op. 27 (“Ballade”)"	Op. 27	1923
Ysaÿe1923c	Solo Violin	Eugène Ysaÿe	"Sonata No. 6 in E major for solo violin, Op. 27 (ded. Manuel Quiroga)"	Op. 27	1923