concert	sequence	key	
abeo-quartet	01	Beethoven1799a	
abeo-quartet	02	INT	
abeo-quartet	03	Mozart1785a	
abeo-quartet	04	Tchaikovsky1892a	
amper	01	Schumann1838a	
aya-trio	01	Tchaikovsky1882a	
aya-trio	02	Ravel1914b	
barlourdet-quartet	01	Beethoven1806b	
barlourdet-quartet	02	INT	
barlourdet-quartet	03	Debussy1893a	
barlourdet-quartet2	01	Beethoven1826a	
barlourdet-quartet2	02	INT	
barlourdet-quartet2	03	Brahms1873a	
bartosik	01	Bach1720f	
bartosik	02	Chopin1846b	
bartosik	03	Ives1915a	
bartosik	04	George2014a	
bartosik	05	Debussy1903a	
bartosik	06	Ginasetera1952a	
bartosik2	01	Debussy1904a	
bartosik2	02	Debussy1915b	
bartosik2	03	Schubert1828c	
bartosik2	04	INT	
bartosik2	05	Shchedrin1961a	
bartosik2	06	Ravel1905b	
bartosik2	07	Chopin1831a	
bartosik2	08	Chopin1834a	
bass	01	Frazin2022a	
bass	02	Beethoven1816a	
bass	03	Chopin1839d	
bass	04	INT	
bass	05	Walker1945a	
bass	06	Debussy1904b	
bass	07	Liszt1849a	
bass	08	Liszt1849b	
bennewitz-quartet	01	Mozart1772a	
bennewitz-quartet	02	Janáček1928a	
bennewitz-quartet	03	INT	
bennewitz-quartet	04	Dvořák1895a	
callisto-quartet	01	Mendelssohn1827a	
callisto-quartet	02	INT	
callisto-quartet	03	Beethoven1825a	
curtis-opera	01	Wolf1896a	
decaprio-park	01	Debussy1915a	
decaprio-park	02	Martinů1952a	
decaprio-park	03	INT	
decaprio-park	04	Prokofiev1949a	
decaprio-park	05	Beach1893a	
gabrielian	01	Bach1720c	
gabrielian	02	Haydn1790a	
gabrielian	03	Schumann1831a	
gabrielian	04	Chopin1836a	
gabrielian	05	Chopin1839a	
gagliano	01	Mozart1778c	
gagliano	02	Chopin1846a	
gagliano	03	INT	
gagliano	04	Beethoven1820a	
gagliano	05	Szymanowski1903a	
giesbrecht	01	Bach1735a	
giesbrecht	02	Schumann1839a	
giesbrecht	03	Chopin1839b	
giesbrecht	04	Rachmaninoff1913a	
giesbrecht-korting	01	Debussy1889a	
giesbrecht-korting	02	Ravel1910a	
giesbrecht-korting	03	Saint-Saëns1874a	
giesbrecht-korting	04	Schubert1828b	
goodpasture	01	Bach1787a	
goodpasture	02	Takemitsu1982a	
goodpasture	03	Takemitsu1992a	
goodpasture	04	Debussy1892a	
goodpasture	05	Barber1977a	
goodpasture	06	Brahms1853a	
gusev	01	Mozart1783d	
gusev	02	Rachmaninoff1916a	
gusev	03	Rachmaninoff1903a	
gusev	04	Mussorgsky1874a	
gusev2	01	Rachmaninoff1911a	
gusev2	02	INT	
gusev2	03	Rachmaninoff1916b	
gusev2	04	Rachmaninoff1903b	
gusev2	05	Rachmaninoff1910b	
honn-mak	01	Silvestrini1997a	
honn-mak	02	Dutilleux1947a	
honn-mak	03	Musgrave2008a	
honn-mak	04	Telemann1733a	
honn-mak	05	Schumann1853a	
honn-mak	06	Morris2007a	
horowitz-wu	01	Janáček1914a	
horowitz-wu	02	Debussy1917a	
horowitz-wu	03	Beethoven1801c	
horowitz-wu	04	Ravel1927a	
huang	01	Bach1735b	
huang	02	Beethoven1823a	
jeong	01	Bach1740a	
jeong	02	Beethoven1796a	
jeong	03	Chopin1837a	
jeong	04	Chopin1839a	
jeong	05	Ravel1920a	
kanagawa-simsive	01	Bach1720b	
kanagawa-simsive	02	Mozart1778b	
kanagawa-simsive	03	INT	
kanagawa-simsive	04	Schumann1838b	
kanagawa-simsive	05	Poulenc1943a	
kasdan-amper	01	Ravel1897a	
kasdan-amper	02	Lekeu1892a	
kasdan-amper	03	Franck1886a	
katz-myer	01	Beethoven1808a	
katz-myer	02	Janáček1923a	
katz-myer	03	INT	
katz-myer	04	Schumann1849a	
katz-myer	05	Shostakovich1934a	
kim	01	Bach1720a	
kim	02	Ysaÿe1923a	
kim	03	INT	
kim	04	Bartók1944a	
krasner	01	Bach1712a	
krasner	02	Brahms1861a	
krasner	03	Granados1911a	
krasner	04	Ravel1901a	
krasner	05	Ravel1905a	
lee-choi	01	Schoenberg1909a	
lee-choi	02	Schubert1824a	
lee-choi	03	Chopin1842a	
lee-choi	04	Chopin1843a	
lee-choi	05	Ravel1911a	
lee-choi	06	Debussy1915a	
leunis-lu	01	Beethoven1798b	
leunis-lu	02	Ravel1927a	
leunis-lu	03	INT	
leunis-lu	04	Prokofiev1943a	
lewis-martins	01	Halvorsen1897a	
lewis-martins	02	Villa-Lobos1940a	
lewis-martins	03	Ravel1922a	
lewis-martins	04	INT	
lewis-martins	05	Widmann2008a	
lewis-martins	06	Kodály1914a	
lewis-ozel	01	Mozart1778a	
lewis-ozel	02	Fauré1916a	
lewis-ozel	03	Brahms1888a	
li	01	Mozart1784a	
li	02	Debussy1907a	
li	03	Liszt1859a	
li	04	Brahms1861a	
lio	01	Schumann1839c	
lio	02	Schubert1828h	
lio	03	INT	
lio	04	Chopin1835a	
lio	05	Scriabin1894a	
lio	06	Chopin1842a	
lu	01	Beethoven1809a	
lu	02	Schumann1838a	
lu	03	Ravel1901a	
lu	04	Prokofiev1942a	
mak	01	Scarlatti1750a	
mak	02	Scarlatti1750b	
mak	03	Beethoven1802a	
mak	04	Rachmaninoff1931a	
mak	05	Prokofiev1944a	
mak2	01	Haydn1768a	
mak2	02	Ravel1908a	
mak2	03	INT	
mak2	04	Schumann1839b	
meinrenken-kim	01	Beethoven1801b	
meinrenken-kim	02	Bach1720b	
meinrenken-kim	03	INT	
meinrenken-kim	04	Schumann1851a	
meinrenken-kim	05	Ravel1924a	
meinrenken-kim	06	Kreisler1911a	
meinrenken-weaver	01	Mozart1778a	
meinrenken-weaver	02	Beethoven1802b	
meinrenken-weaver	03	Ysaÿe1923c	
meinrenken-weaver	04	INT	
meinrenken-weaver	05	Loeb2019a	
meinrenken-weaver	06	Ravel1927a	
meinrenken-weaver	07	Kreisler1917a	
merz-trio	01	Brahms1882a	
merz-trio	02	INT	
merz-trio	03	Boulanger1914a	
merz-trio	04	Shostakovich1923a	
merz-trio	05	Ravel1920b	
orsen-colombat	01	Ritter1886a	
orsen-colombat	02	Liszt1881a	
orsen-colombat	03	Berlioz1841a	
orsen-colombat	04a	Nietzsche1862a	
orsen-colombat	04b	Nietzsche1864a	
orsen-colombat	05	Wagner1867a	
orsen-colombat	06	INT	
orsen-colombat	07	Brahms1895a	
orsen-colombat	08	Wagner1858a	
orsen-garbot	01	Mozart1783b	
orsen-garbot	02	Sibelius1892a	
orsen-garbot	03	Glière1909a	
orsen-garbot	04	Martinů1947a	
orth	01	Schoenberg1913a	
orth	02	Schubert1828g	
orth	03	Prokofiev1918a	
orth	04	Prokofiev1940a	
orth-duo	01	Dorman2011a	
orth-duo	02	Ravel1927a	
orth-duo	03	Ravel1914a	
orth-duo	04	Grieg1886a	
ozel	01	Bach1740c	
ozel	02	Chopin1844b	
ozel	03	Rachmaninoff1931a	
ozel	04	INT	
ozel	05	Scriabin1896b	
ozel	06	Scriabin1903a	
ozel	07	Scriabin1907a	
ozel2	01	Schubert1823a	
ozel2	02	Liszt1877a	
ozel2	03	Bartók1926b	
ozel2	04	INT	
ozel2	05	Beethoven1822a	
park-sasaki	01	Mozart1784b	
park-sasaki	02	Stravinsky1934a	
park-sasaki	03	INT	
park-sasaki	04	Schumann1853b	
park-sasaki	05	Brahms1888a	
park-vardenega	01	Schubert1824a	
park-vardenega	02	Dallapiccola1945a	
park-vardenega	03	Chopin1836b	
park-vardenega	04	INT	
park-vardenega	05	Bach1740b	
park-vardenega	06	Dutilleux1976a	
park-vardenega	07	Janáček1908a	
park-vardenega	08	Saint-Saëns1886a	
poon	01	Bach1725a	
poon	02	Haydn1794a	
poon	03	Chopin1846a	
poon	04	Chopin1841a	
poon	05	Chopin1827a	
poon	06	Chopin1842a	
qian	01	Beethoven1821a	
qian	02	Scriabin1898a	
qian	03	Yi2000a	
qian	04	Ravel1911a	
qian	05	Copeland1921a	
robertson-lorusso	01	Schubert1814a	
robertson-lorusso	02	Schubert1817a	
robertson-lorusso	03	Schubert1819a	
robertson-lorusso	04	Brahms1874a	
robertson-lorusso	05	Poulenc1960a	
robertson-lorusso	06	INT	
robertson-lorusso	07	Copeland1954a	
robertson-lorusso	08	Ives1895a	
robertson-lorusso	09	Bonds1	
robertson-lorusso	10	Miller1980a	
robertson-lorusso	11	Barber1947a	
simsive	01	Mozart1788a	
simsive	02	Franck1884a	
simsive	03	Shostakovich1943a	
simsive	04	Scriabin1907a	
spiegelberg-simsive	01	Hersant2006a	
spiegelberg-simsive	02	Lash2014a	
spiegelberg-simsive	03	Brahms1894b	
spiegelberg-simsive	04	INT	
spiegelberg-simsive	05	Bauer1932a	
spiegelberg-simsive	06	Schumann∙Liszt1848a	
spiegelberg-simsive	07	Gershwin1926a	
strata	01	Beethoven1801a	
strata	02	Liszt1849b	
strata	03	Chopin1839a	
strata	04	Prokofiev1940a	
szokolay-chen	01	Beethoven1803b	
szokolay-chen	02	INT	
szokolay-chen	03	Prokofiev1935a	
szokolay-chen	04	Ravel1924a	
szokolay-lu	01	Beethoven1812a	
szokolay-lu	02	Strauss1888a	
szokolay-lu	03	Saint-Saëns1877a	
szokolay-simsive	01	Beethoven1798a	
szokolay-simsive	02	Poulenc1943a	
szokolay-simsive	03	Brahms1879a	
szokolay-simsive	04	Kreisler1905a	
tang	01	Chopin1841b	
tang	02	Beethoven1816a	
tang	03	Schumann1837a	
tang2	01	Scarlatti1750c	
tang2	02	Beethoven1798c	
tang2	03	Chopin1846b	
tang2	04	INT	
tang2	05	Schubert1827b	
tekalli-duo	01	Messiaen1932a	
tekalli-duo	02	Brown2013a	
tekalli-duo	03	Ravel1917c	
tekalli-duo	04	Adams1995a	
tekalli-duo	05	Barber1939a	
tetzloff	01	Brahms1893a	
tetzloff	02	Scriabin1907a	
tetzloff	03	Fauré1894a	
tetzloff	04	Franck1884a	
tetzloff2	01	Beethoven1803a	
tetzloff2	02	Liszt1867a	
tetzloff2	03	Janáček1912a	
tetzloff2	04	Rameau1727a	
tetzloff2	05	Brahms1892a	
trio-conventi	01	Schubert1827c	
trio-conventi	02	INT	
trio-conventi	03	Schumann1851b	
trio-gaia	01	Beethoven1811a	
trio-gaia	02	INT	
trio-gaia	03	Baker1992a	
wang	01	Scriabin1903b	
wang	02	Ravel1917a	
wang	03	INT	
wang	04	Janáček1906a	
wang	05	Rachmaninoff1916b	
wang-xi	01	Beethoven1812a	
wang-xi	02	Stravinsky1934a	
wang-xi	03	Brahms1886a	
wolf	01	Messiaen1932a	
wolf	02	Ysaÿe1923b	
wolf	03	Franck1886a	
wu	01	Debussy1907a	
wu	02	Debussy1907b	
wu	03	Chopin1844a	
yale—trio	01	Mozart1788b	
yale—trio	02	Tower2004a	
yale—trio	03	Chausson1881a	
yang-bang	01	Beethoven1801d	
yang-bang	02	Falla1914a	
yang-bang	03	Chen2003a	
yang-bang	04	INT	
yang-bang	05	Boulanger1911b	
yang-bang	06	Brahms1865a	
yao	01	Bach1731a	
yao	02	Schumann1837a	
yao	03	Bartók1926a	
yao-chaplikov	01	Mozart1774a	
yao-chaplikov	02	Schumann1848a	
yao-chaplikov	03	Debussy1914a	
yao-chaplikov	04	Ravel1917b	
yao2	01	Bach1731a	
yao2	02	Debussy1907b	
yao2	03	INT	
yao2	04	Beethoven1820a	
yao2	05	Brahms1863a	
zaks-ji	01	Mozart1778_	
zaks-ji	02	Janáček1914a	
zaks-ji	03	INT	
zaks-ji	04	Paganini1820a11	
zaks-ji	05	Korngold1916a	
zaks-ji	06	Schoenfeld1990a	
zyzak-gorini	01	Bach1720d	
zyzak-gorini	02	Schubert1817b	
zyzak-gorini	03	INT	
zyzak-gorini	04	Janáček1914a	
zyzak-gorini	05	Brahms1886a	